PRAGMA foreign_keys=OFF;
BEGIN TRANSACTION;
CREATE TABLE IF NOT EXISTS "django_migrations" ("id" integer NOT NULL PRIMARY KEY AUTOINCREMENT, "app" varchar(255) NOT NULL, "name" varchar(255) NOT NULL, "applied" datetime NOT NULL);
INSERT INTO django_migrations VALUES(1,'contenttypes','0001_initial','2024-03-01 20:27:47.309206');
INSERT INTO django_migrations VALUES(2,'auth','0001_initial','2024-03-01 20:27:47.337615');
INSERT INTO django_migrations VALUES(3,'admin','0001_initial','2024-03-01 20:27:47.362089');
INSERT INTO django_migrations VALUES(4,'admin','0002_logentry_remove_auto_add','2024-03-01 20:27:47.385229');
INSERT INTO django_migrations VALUES(5,'admin','0003_logentry_add_action_flag_choices','2024-03-01 20:27:47.397741');
INSERT INTO django_migrations VALUES(6,'contenttypes','0002_remove_content_type_name','2024-03-01 20:27:47.430709');
INSERT INTO django_migrations VALUES(7,'auth','0002_alter_permission_name_max_length','2024-03-01 20:27:47.446829');
INSERT INTO django_migrations VALUES(8,'auth','0003_alter_user_email_max_length','2024-03-01 20:27:47.461826');
INSERT INTO django_migrations VALUES(9,'auth','0004_alter_user_username_opts','2024-03-01 20:27:47.474809');
INSERT INTO django_migrations VALUES(10,'auth','0005_alter_user_last_login_null','2024-03-01 20:27:47.491182');
INSERT INTO django_migrations VALUES(11,'auth','0006_require_contenttypes_0002','2024-03-01 20:27:47.497445');
INSERT INTO django_migrations VALUES(12,'auth','0007_alter_validators_add_error_messages','2024-03-01 20:27:47.515486');
INSERT INTO django_migrations VALUES(13,'auth','0008_alter_user_username_max_length','2024-03-01 20:27:47.530815');
INSERT INTO django_migrations VALUES(14,'auth','0009_alter_user_last_name_max_length','2024-03-01 20:27:47.549611');
INSERT INTO django_migrations VALUES(15,'auth','0010_alter_group_name_max_length','2024-03-01 20:27:47.565719');
INSERT INTO django_migrations VALUES(16,'auth','0011_update_proxy_permissions','2024-03-01 20:27:47.580421');
INSERT INTO django_migrations VALUES(17,'auth','0012_alter_user_first_name_max_length','2024-03-01 20:27:47.596027');
INSERT INTO django_migrations VALUES(18,'games','0001_initial','2024-03-01 20:27:47.723739');
INSERT INTO django_migrations VALUES(19,'games','0002_game_players','2024-03-01 20:27:47.754378');
INSERT INTO django_migrations VALUES(20,'games','0003_game_type','2024-03-01 20:27:47.775669');
INSERT INTO django_migrations VALUES(21,'redisboard','0001_initial','2024-03-01 20:27:47.791153');
INSERT INTO django_migrations VALUES(22,'redisboard','0002_add_url','2024-03-01 20:27:47.799160');
INSERT INTO django_migrations VALUES(23,'redisboard','0003_fill_url','2024-03-01 20:27:47.839318');
INSERT INTO django_migrations VALUES(24,'redisboard','0004_cleanup','2024-03-01 20:27:47.896850');
INSERT INTO django_migrations VALUES(25,'redisboard','0005_config','2024-03-01 20:27:47.933830');
INSERT INTO django_migrations VALUES(26,'sessions','0001_initial','2024-03-01 20:27:47.960602');
CREATE TABLE IF NOT EXISTS "auth_group_permissions" ("id" integer NOT NULL PRIMARY KEY AUTOINCREMENT, "group_id" integer NOT NULL REFERENCES "auth_group" ("id") DEFERRABLE INITIALLY DEFERRED, "permission_id" integer NOT NULL REFERENCES "auth_permission" ("id") DEFERRABLE INITIALLY DEFERRED);
CREATE TABLE IF NOT EXISTS "auth_user_groups" ("id" integer NOT NULL PRIMARY KEY AUTOINCREMENT, "user_id" integer NOT NULL REFERENCES "auth_user" ("id") DEFERRABLE INITIALLY DEFERRED, "group_id" integer NOT NULL REFERENCES "auth_group" ("id") DEFERRABLE INITIALLY DEFERRED);
CREATE TABLE IF NOT EXISTS "auth_user_user_permissions" ("id" integer NOT NULL PRIMARY KEY AUTOINCREMENT, "user_id" integer NOT NULL REFERENCES "auth_user" ("id") DEFERRABLE INITIALLY DEFERRED, "permission_id" integer NOT NULL REFERENCES "auth_permission" ("id") DEFERRABLE INITIALLY DEFERRED);
INSERT INTO auth_user_user_permissions VALUES(1,2,1);
INSERT INTO auth_user_user_permissions VALUES(2,2,2);
INSERT INTO auth_user_user_permissions VALUES(3,2,3);
INSERT INTO auth_user_user_permissions VALUES(4,2,4);
INSERT INTO auth_user_user_permissions VALUES(5,2,5);
INSERT INTO auth_user_user_permissions VALUES(6,2,6);
INSERT INTO auth_user_user_permissions VALUES(7,2,7);
INSERT INTO auth_user_user_permissions VALUES(8,2,8);
INSERT INTO auth_user_user_permissions VALUES(9,2,9);
INSERT INTO auth_user_user_permissions VALUES(10,2,10);
INSERT INTO auth_user_user_permissions VALUES(11,2,11);
INSERT INTO auth_user_user_permissions VALUES(12,2,12);
INSERT INTO auth_user_user_permissions VALUES(13,2,13);
INSERT INTO auth_user_user_permissions VALUES(14,2,14);
INSERT INTO auth_user_user_permissions VALUES(15,2,15);
INSERT INTO auth_user_user_permissions VALUES(16,2,16);
INSERT INTO auth_user_user_permissions VALUES(17,2,17);
INSERT INTO auth_user_user_permissions VALUES(18,2,18);
INSERT INTO auth_user_user_permissions VALUES(19,2,19);
INSERT INTO auth_user_user_permissions VALUES(20,2,20);
INSERT INTO auth_user_user_permissions VALUES(21,2,21);
INSERT INTO auth_user_user_permissions VALUES(22,2,22);
INSERT INTO auth_user_user_permissions VALUES(23,2,23);
INSERT INTO auth_user_user_permissions VALUES(24,2,24);
INSERT INTO auth_user_user_permissions VALUES(25,2,25);
INSERT INTO auth_user_user_permissions VALUES(26,2,26);
INSERT INTO auth_user_user_permissions VALUES(27,2,27);
INSERT INTO auth_user_user_permissions VALUES(28,2,28);
INSERT INTO auth_user_user_permissions VALUES(29,2,29);
INSERT INTO auth_user_user_permissions VALUES(30,2,30);
INSERT INTO auth_user_user_permissions VALUES(31,2,31);
INSERT INTO auth_user_user_permissions VALUES(32,2,32);
INSERT INTO auth_user_user_permissions VALUES(33,2,33);
INSERT INTO auth_user_user_permissions VALUES(34,2,34);
INSERT INTO auth_user_user_permissions VALUES(35,2,35);
INSERT INTO auth_user_user_permissions VALUES(36,2,36);
INSERT INTO auth_user_user_permissions VALUES(37,2,37);
INSERT INTO auth_user_user_permissions VALUES(38,2,38);
INSERT INTO auth_user_user_permissions VALUES(39,2,39);
INSERT INTO auth_user_user_permissions VALUES(40,2,40);
INSERT INTO auth_user_user_permissions VALUES(41,2,41);
INSERT INTO auth_user_user_permissions VALUES(42,2,42);
INSERT INTO auth_user_user_permissions VALUES(43,2,43);
INSERT INTO auth_user_user_permissions VALUES(44,2,44);
INSERT INTO auth_user_user_permissions VALUES(45,2,45);
INSERT INTO auth_user_user_permissions VALUES(46,2,46);
INSERT INTO auth_user_user_permissions VALUES(47,2,47);
INSERT INTO auth_user_user_permissions VALUES(48,2,48);
INSERT INTO auth_user_user_permissions VALUES(49,2,49);
INSERT INTO auth_user_user_permissions VALUES(50,2,50);
INSERT INTO auth_user_user_permissions VALUES(51,2,51);
INSERT INTO auth_user_user_permissions VALUES(52,2,52);
INSERT INTO auth_user_user_permissions VALUES(53,2,53);
INSERT INTO auth_user_user_permissions VALUES(54,2,54);
INSERT INTO auth_user_user_permissions VALUES(55,2,55);
INSERT INTO auth_user_user_permissions VALUES(56,2,56);
INSERT INTO auth_user_user_permissions VALUES(57,2,57);
INSERT INTO auth_user_user_permissions VALUES(58,2,58);
INSERT INTO auth_user_user_permissions VALUES(59,2,59);
INSERT INTO auth_user_user_permissions VALUES(60,2,60);
INSERT INTO auth_user_user_permissions VALUES(61,2,61);
INSERT INTO auth_user_user_permissions VALUES(62,3,1);
INSERT INTO auth_user_user_permissions VALUES(63,3,2);
INSERT INTO auth_user_user_permissions VALUES(64,3,3);
INSERT INTO auth_user_user_permissions VALUES(65,3,4);
INSERT INTO auth_user_user_permissions VALUES(66,3,5);
INSERT INTO auth_user_user_permissions VALUES(67,3,6);
INSERT INTO auth_user_user_permissions VALUES(68,3,7);
INSERT INTO auth_user_user_permissions VALUES(69,3,8);
INSERT INTO auth_user_user_permissions VALUES(70,3,9);
INSERT INTO auth_user_user_permissions VALUES(71,3,10);
INSERT INTO auth_user_user_permissions VALUES(72,3,11);
INSERT INTO auth_user_user_permissions VALUES(73,3,12);
INSERT INTO auth_user_user_permissions VALUES(74,3,13);
INSERT INTO auth_user_user_permissions VALUES(75,3,14);
INSERT INTO auth_user_user_permissions VALUES(76,3,15);
INSERT INTO auth_user_user_permissions VALUES(77,3,16);
INSERT INTO auth_user_user_permissions VALUES(78,3,17);
INSERT INTO auth_user_user_permissions VALUES(79,3,18);
INSERT INTO auth_user_user_permissions VALUES(80,3,19);
INSERT INTO auth_user_user_permissions VALUES(81,3,20);
INSERT INTO auth_user_user_permissions VALUES(82,3,21);
INSERT INTO auth_user_user_permissions VALUES(83,3,22);
INSERT INTO auth_user_user_permissions VALUES(84,3,23);
INSERT INTO auth_user_user_permissions VALUES(85,3,24);
INSERT INTO auth_user_user_permissions VALUES(86,3,25);
INSERT INTO auth_user_user_permissions VALUES(87,3,26);
INSERT INTO auth_user_user_permissions VALUES(88,3,27);
INSERT INTO auth_user_user_permissions VALUES(89,3,28);
INSERT INTO auth_user_user_permissions VALUES(90,3,29);
INSERT INTO auth_user_user_permissions VALUES(91,3,30);
INSERT INTO auth_user_user_permissions VALUES(92,3,31);
INSERT INTO auth_user_user_permissions VALUES(93,3,32);
INSERT INTO auth_user_user_permissions VALUES(94,3,33);
INSERT INTO auth_user_user_permissions VALUES(95,3,34);
INSERT INTO auth_user_user_permissions VALUES(96,3,35);
INSERT INTO auth_user_user_permissions VALUES(97,3,36);
INSERT INTO auth_user_user_permissions VALUES(98,3,37);
INSERT INTO auth_user_user_permissions VALUES(99,3,38);
INSERT INTO auth_user_user_permissions VALUES(100,3,39);
INSERT INTO auth_user_user_permissions VALUES(101,3,40);
INSERT INTO auth_user_user_permissions VALUES(102,3,41);
INSERT INTO auth_user_user_permissions VALUES(103,3,42);
INSERT INTO auth_user_user_permissions VALUES(104,3,43);
INSERT INTO auth_user_user_permissions VALUES(105,3,44);
INSERT INTO auth_user_user_permissions VALUES(106,3,45);
INSERT INTO auth_user_user_permissions VALUES(107,3,46);
INSERT INTO auth_user_user_permissions VALUES(108,3,47);
INSERT INTO auth_user_user_permissions VALUES(109,3,48);
INSERT INTO auth_user_user_permissions VALUES(110,3,49);
INSERT INTO auth_user_user_permissions VALUES(111,3,50);
INSERT INTO auth_user_user_permissions VALUES(112,3,51);
INSERT INTO auth_user_user_permissions VALUES(113,3,52);
INSERT INTO auth_user_user_permissions VALUES(114,3,53);
INSERT INTO auth_user_user_permissions VALUES(115,3,54);
INSERT INTO auth_user_user_permissions VALUES(116,3,55);
INSERT INTO auth_user_user_permissions VALUES(117,3,56);
INSERT INTO auth_user_user_permissions VALUES(118,3,57);
INSERT INTO auth_user_user_permissions VALUES(119,3,58);
INSERT INTO auth_user_user_permissions VALUES(120,3,59);
INSERT INTO auth_user_user_permissions VALUES(121,3,60);
INSERT INTO auth_user_user_permissions VALUES(122,3,61);
CREATE TABLE IF NOT EXISTS "django_admin_log" ("id" integer NOT NULL PRIMARY KEY AUTOINCREMENT, "object_id" text NULL, "object_repr" varchar(200) NOT NULL, "action_flag" smallint unsigned NOT NULL CHECK ("action_flag" >= 0), "change_message" text NOT NULL, "content_type_id" integer NULL REFERENCES "django_content_type" ("id") DEFERRABLE INITIALLY DEFERRED, "user_id" integer NOT NULL REFERENCES "auth_user" ("id") DEFERRABLE INITIALLY DEFERRED, "action_time" datetime NOT NULL);
INSERT INTO django_admin_log VALUES(1,'2','user1',1,'[{"added": {}}]',12,1,'2024-03-01 20:29:25.809860');
INSERT INTO django_admin_log VALUES(2,'2','user1',2,'[{"changed": {"fields": ["Staff status", "Superuser status", "User permissions"]}}]',12,1,'2024-03-01 20:29:38.892878');
INSERT INTO django_admin_log VALUES(3,'3','user2',1,'[{"added": {}}]',12,1,'2024-03-01 20:31:00.360758');
INSERT INTO django_admin_log VALUES(4,'3','user2',2,'[{"changed": {"fields": ["Staff status", "Superuser status", "User permissions"]}}]',12,1,'2024-03-01 20:31:31.697930');
CREATE TABLE IF NOT EXISTS "django_content_type" ("id" integer NOT NULL PRIMARY KEY AUTOINCREMENT, "app_label" varchar(100) NOT NULL, "model" varchar(100) NOT NULL);
INSERT INTO django_content_type VALUES(1,'games','game');
INSERT INTO django_content_type VALUES(2,'games','subject');
INSERT INTO django_content_type VALUES(3,'games','video');
INSERT INTO django_content_type VALUES(4,'games','text');
INSERT INTO django_content_type VALUES(5,'games','module');
INSERT INTO django_content_type VALUES(6,'games','image');
INSERT INTO django_content_type VALUES(7,'games','file');
INSERT INTO django_content_type VALUES(8,'games','content');
INSERT INTO django_content_type VALUES(9,'admin','logentry');
INSERT INTO django_content_type VALUES(10,'auth','permission');
INSERT INTO django_content_type VALUES(11,'auth','group');
INSERT INTO django_content_type VALUES(12,'auth','user');
INSERT INTO django_content_type VALUES(13,'contenttypes','contenttype');
INSERT INTO django_content_type VALUES(14,'sessions','session');
INSERT INTO django_content_type VALUES(15,'redisboard','redisserver');
CREATE TABLE IF NOT EXISTS "auth_permission" ("id" integer NOT NULL PRIMARY KEY AUTOINCREMENT, "content_type_id" integer NOT NULL REFERENCES "django_content_type" ("id") DEFERRABLE INITIALLY DEFERRED, "codename" varchar(100) NOT NULL, "name" varchar(255) NOT NULL);
INSERT INTO auth_permission VALUES(1,1,'add_game','Can add game');
INSERT INTO auth_permission VALUES(2,1,'change_game','Can change game');
INSERT INTO auth_permission VALUES(3,1,'delete_game','Can delete game');
INSERT INTO auth_permission VALUES(4,1,'view_game','Can view game');
INSERT INTO auth_permission VALUES(5,2,'add_subject','Can add subject');
INSERT INTO auth_permission VALUES(6,2,'change_subject','Can change subject');
INSERT INTO auth_permission VALUES(7,2,'delete_subject','Can delete subject');
INSERT INTO auth_permission VALUES(8,2,'view_subject','Can view subject');
INSERT INTO auth_permission VALUES(9,3,'add_video','Can add video');
INSERT INTO auth_permission VALUES(10,3,'change_video','Can change video');
INSERT INTO auth_permission VALUES(11,3,'delete_video','Can delete video');
INSERT INTO auth_permission VALUES(12,3,'view_video','Can view video');
INSERT INTO auth_permission VALUES(13,4,'add_text','Can add text');
INSERT INTO auth_permission VALUES(14,4,'change_text','Can change text');
INSERT INTO auth_permission VALUES(15,4,'delete_text','Can delete text');
INSERT INTO auth_permission VALUES(16,4,'view_text','Can view text');
INSERT INTO auth_permission VALUES(17,5,'add_module','Can add module');
INSERT INTO auth_permission VALUES(18,5,'change_module','Can change module');
INSERT INTO auth_permission VALUES(19,5,'delete_module','Can delete module');
INSERT INTO auth_permission VALUES(20,5,'view_module','Can view module');
INSERT INTO auth_permission VALUES(21,6,'add_image','Can add image');
INSERT INTO auth_permission VALUES(22,6,'change_image','Can change image');
INSERT INTO auth_permission VALUES(23,6,'delete_image','Can delete image');
INSERT INTO auth_permission VALUES(24,6,'view_image','Can view image');
INSERT INTO auth_permission VALUES(25,7,'add_file','Can add file');
INSERT INTO auth_permission VALUES(26,7,'change_file','Can change file');
INSERT INTO auth_permission VALUES(27,7,'delete_file','Can delete file');
INSERT INTO auth_permission VALUES(28,7,'view_file','Can view file');
INSERT INTO auth_permission VALUES(29,8,'add_content','Can add content');
INSERT INTO auth_permission VALUES(30,8,'change_content','Can change content');
INSERT INTO auth_permission VALUES(31,8,'delete_content','Can delete content');
INSERT INTO auth_permission VALUES(32,8,'view_content','Can view content');
INSERT INTO auth_permission VALUES(33,9,'add_logentry','Can add log entry');
INSERT INTO auth_permission VALUES(34,9,'change_logentry','Can change log entry');
INSERT INTO auth_permission VALUES(35,9,'delete_logentry','Can delete log entry');
INSERT INTO auth_permission VALUES(36,9,'view_logentry','Can view log entry');
INSERT INTO auth_permission VALUES(37,10,'add_permission','Can add permission');
INSERT INTO auth_permission VALUES(38,10,'change_permission','Can change permission');
INSERT INTO auth_permission VALUES(39,10,'delete_permission','Can delete permission');
INSERT INTO auth_permission VALUES(40,10,'view_permission','Can view permission');
INSERT INTO auth_permission VALUES(41,11,'add_group','Can add group');
INSERT INTO auth_permission VALUES(42,11,'change_group','Can change group');
INSERT INTO auth_permission VALUES(43,11,'delete_group','Can delete group');
INSERT INTO auth_permission VALUES(44,11,'view_group','Can view group');
INSERT INTO auth_permission VALUES(45,12,'add_user','Can add user');
INSERT INTO auth_permission VALUES(46,12,'change_user','Can change user');
INSERT INTO auth_permission VALUES(47,12,'delete_user','Can delete user');
INSERT INTO auth_permission VALUES(48,12,'view_user','Can view user');
INSERT INTO auth_permission VALUES(49,13,'add_contenttype','Can add content type');
INSERT INTO auth_permission VALUES(50,13,'change_contenttype','Can change content type');
INSERT INTO auth_permission VALUES(51,13,'delete_contenttype','Can delete content type');
INSERT INTO auth_permission VALUES(52,13,'view_contenttype','Can view content type');
INSERT INTO auth_permission VALUES(53,14,'add_session','Can add session');
INSERT INTO auth_permission VALUES(54,14,'change_session','Can change session');
INSERT INTO auth_permission VALUES(55,14,'delete_session','Can delete session');
INSERT INTO auth_permission VALUES(56,14,'view_session','Can view session');
INSERT INTO auth_permission VALUES(57,15,'add_redisserver','Can add Redis Server');
INSERT INTO auth_permission VALUES(58,15,'change_redisserver','Can change Redis Server');
INSERT INTO auth_permission VALUES(59,15,'delete_redisserver','Can delete Redis Server');
INSERT INTO auth_permission VALUES(60,15,'view_redisserver','Can view Redis Server');
INSERT INTO auth_permission VALUES(61,15,'can_inspect','Can inspect redis servers');
CREATE TABLE IF NOT EXISTS "auth_group" ("id" integer NOT NULL PRIMARY KEY AUTOINCREMENT, "name" varchar(150) NOT NULL UNIQUE);
CREATE TABLE IF NOT EXISTS "auth_user" ("id" integer NOT NULL PRIMARY KEY AUTOINCREMENT, "password" varchar(128) NOT NULL, "last_login" datetime NULL, "is_superuser" bool NOT NULL, "username" varchar(150) NOT NULL UNIQUE, "last_name" varchar(150) NOT NULL, "email" varchar(254) NOT NULL, "is_staff" bool NOT NULL, "is_active" bool NOT NULL, "date_joined" datetime NOT NULL, "first_name" varchar(150) NOT NULL);
INSERT INTO auth_user VALUES(1,'pbkdf2_sha256$720000$DjcFj1d5Ln9jx2gH67IFtY$W/zvobgcrWedUWVlXjP6y1etqpwfRs08O7XgTUnKfdk=','2024-03-01 20:29:04.907213',1,'math','','',1,1,'2024-03-01 20:28:53.314447','');
INSERT INTO auth_user VALUES(2,'pbkdf2_sha256$720000$je0OPtkxoDiIm27PrRWyWQ$VohsClRjEe3jXwFOYi+5jRiYKCT4NoDu6HucqE94Dv0=',NULL,1,'user1','','',1,1,'2024-03-01 20:29:25','');
INSERT INTO auth_user VALUES(3,'pbkdf2_sha256$720000$tqpp8ij46ttJTm7Gh0s6XR$K7IuKt46TVda76xYgPbpsVJr+1tA+099jvSyod8F1cg=','2024-03-01 20:32:02.737230',1,'user2','','',1,1,'2024-03-01 20:30:59','');
CREATE TABLE IF NOT EXISTS "games_subject" ("id" integer NOT NULL PRIMARY KEY AUTOINCREMENT, "title" varchar(200) NOT NULL, "slug" varchar(200) NOT NULL UNIQUE);
CREATE TABLE IF NOT EXISTS "games_video" ("id" integer NOT NULL PRIMARY KEY AUTOINCREMENT, "title" varchar(250) NOT NULL, "created" datetime NOT NULL, "updated" datetime NOT NULL, "url" varchar(200) NOT NULL, "owner_id" integer NOT NULL REFERENCES "auth_user" ("id") DEFERRABLE INITIALLY DEFERRED);
CREATE TABLE IF NOT EXISTS "games_text" ("id" integer NOT NULL PRIMARY KEY AUTOINCREMENT, "title" varchar(250) NOT NULL, "created" datetime NOT NULL, "updated" datetime NOT NULL, "content" text NOT NULL, "owner_id" integer NOT NULL REFERENCES "auth_user" ("id") DEFERRABLE INITIALLY DEFERRED);
CREATE TABLE IF NOT EXISTS "games_module" ("id" integer NOT NULL PRIMARY KEY AUTOINCREMENT, "title" varchar(200) NOT NULL, "description" text NOT NULL, "order" integer unsigned NOT NULL CHECK ("order" >= 0), "game_id" bigint NOT NULL REFERENCES "games_game" ("id") DEFERRABLE INITIALLY DEFERRED);
CREATE TABLE IF NOT EXISTS "games_image" ("id" integer NOT NULL PRIMARY KEY AUTOINCREMENT, "title" varchar(250) NOT NULL, "created" datetime NOT NULL, "updated" datetime NOT NULL, "file" varchar(100) NOT NULL, "owner_id" integer NOT NULL REFERENCES "auth_user" ("id") DEFERRABLE INITIALLY DEFERRED);
CREATE TABLE IF NOT EXISTS "games_file" ("id" integer NOT NULL PRIMARY KEY AUTOINCREMENT, "title" varchar(250) NOT NULL, "created" datetime NOT NULL, "updated" datetime NOT NULL, "file" varchar(100) NOT NULL, "owner_id" integer NOT NULL REFERENCES "auth_user" ("id") DEFERRABLE INITIALLY DEFERRED);
CREATE TABLE IF NOT EXISTS "games_content" ("id" integer NOT NULL PRIMARY KEY AUTOINCREMENT, "object_id" integer unsigned NOT NULL CHECK ("object_id" >= 0), "order" integer unsigned NOT NULL CHECK ("order" >= 0), "content_type_id" integer NOT NULL REFERENCES "django_content_type" ("id") DEFERRABLE INITIALLY DEFERRED, "module_id" bigint NOT NULL REFERENCES "games_module" ("id") DEFERRABLE INITIALLY DEFERRED);
CREATE TABLE IF NOT EXISTS "games_game_players" ("id" integer NOT NULL PRIMARY KEY AUTOINCREMENT, "game_id" bigint NOT NULL REFERENCES "games_game" ("id") DEFERRABLE INITIALLY DEFERRED, "user_id" integer NOT NULL REFERENCES "auth_user" ("id") DEFERRABLE INITIALLY DEFERRED);
CREATE TABLE IF NOT EXISTS "games_game" ("id" integer NOT NULL PRIMARY KEY AUTOINCREMENT, "title" varchar(200) NOT NULL, "slug" varchar(200) NOT NULL UNIQUE, "created" datetime NOT NULL, "owner_id" integer NOT NULL REFERENCES "auth_user" ("id") DEFERRABLE INITIALLY DEFERRED, "type" integer NOT NULL);
INSERT INTO games_game VALUES(1,'My game 1','game1','2024-03-01 20:40:43.780779',3,0);
INSERT INTO games_game VALUES(2,'My game 2','game2','2024-03-01 20:44:52.816185',3,0);
INSERT INTO games_game VALUES(3,'My game 3','game3','2024-03-01 20:46:40.080436',3,0);
CREATE TABLE IF NOT EXISTS "redisboard_redisserver" ("id" integer NOT NULL PRIMARY KEY AUTOINCREMENT, "label" varchar(50) NULL, "password" varchar(250) NULL, "url" varchar(250) NOT NULL UNIQUE);
CREATE TABLE IF NOT EXISTS "django_session" ("session_key" varchar(40) NOT NULL PRIMARY KEY, "session_data" text NOT NULL, "expire_date" datetime NOT NULL);
INSERT INTO django_session VALUES('sen297qswg9tdq3i0vsbg25eawdy11ak','.eJxVjMsOwiAQRf-FtSHQ4enSvd9ABgakaiAp7cr479qkC93ec859sYDbWsM28hJmYmcG7PS7RUyP3HZAd2y3zlNv6zJHviv8oINfO-Xn5XD_DiqO-q0VJaOE1ZKcFwQlYjRUtAOBQic_KZTGAWiNHnwxCbLNOBlHmaS1Bdj7A9mQN68:1rg9Y2:uc_xzbVFQMjcWLb15fnmD45Vkb0gi1g-B6RW2YwEXs0','2024-03-15 20:32:02.743639');
DELETE FROM sqlite_sequence;
INSERT INTO sqlite_sequence VALUES('django_migrations',26);
INSERT INTO sqlite_sequence VALUES('django_admin_log',4);
INSERT INTO sqlite_sequence VALUES('django_content_type',15);
INSERT INTO sqlite_sequence VALUES('auth_permission',61);
INSERT INTO sqlite_sequence VALUES('auth_group',0);
INSERT INTO sqlite_sequence VALUES('auth_user',3);
INSERT INTO sqlite_sequence VALUES('games_game',3);
INSERT INTO sqlite_sequence VALUES('redisboard_redisserver',0);
INSERT INTO sqlite_sequence VALUES('auth_user_user_permissions',122);
CREATE UNIQUE INDEX "auth_group_permissions_group_id_permission_id_0cd325b0_uniq" ON "auth_group_permissions" ("group_id", "permission_id");
CREATE INDEX "auth_group_permissions_group_id_b120cbf9" ON "auth_group_permissions" ("group_id");
CREATE INDEX "auth_group_permissions_permission_id_84c5c92e" ON "auth_group_permissions" ("permission_id");
CREATE UNIQUE INDEX "auth_user_groups_user_id_group_id_94350c0c_uniq" ON "auth_user_groups" ("user_id", "group_id");
CREATE INDEX "auth_user_groups_user_id_6a12ed8b" ON "auth_user_groups" ("user_id");
CREATE INDEX "auth_user_groups_group_id_97559544" ON "auth_user_groups" ("group_id");
CREATE UNIQUE INDEX "auth_user_user_permissions_user_id_permission_id_14a6b632_uniq" ON "auth_user_user_permissions" ("user_id", "permission_id");
CREATE INDEX "auth_user_user_permissions_user_id_a95ead1b" ON "auth_user_user_permissions" ("user_id");
CREATE INDEX "auth_user_user_permissions_permission_id_1fbb5f2c" ON "auth_user_user_permissions" ("permission_id");
CREATE INDEX "django_admin_log_content_type_id_c4bce8eb" ON "django_admin_log" ("content_type_id");
CREATE INDEX "django_admin_log_user_id_c564eba6" ON "django_admin_log" ("user_id");
CREATE UNIQUE INDEX "django_content_type_app_label_model_76bd3d3b_uniq" ON "django_content_type" ("app_label", "model");
CREATE UNIQUE INDEX "auth_permission_content_type_id_codename_01ab375a_uniq" ON "auth_permission" ("content_type_id", "codename");
CREATE INDEX "auth_permission_content_type_id_2f476e4b" ON "auth_permission" ("content_type_id");
CREATE INDEX "games_video_owner_id_8b0b613d" ON "games_video" ("owner_id");
CREATE INDEX "games_text_owner_id_261f1a0f" ON "games_text" ("owner_id");
CREATE INDEX "games_module_game_id_e878b775" ON "games_module" ("game_id");
CREATE INDEX "games_image_owner_id_2ba22eaf" ON "games_image" ("owner_id");
CREATE INDEX "games_file_owner_id_3fe65e70" ON "games_file" ("owner_id");
CREATE INDEX "games_content_content_type_id_51b2e505" ON "games_content" ("content_type_id");
CREATE INDEX "games_content_module_id_339973ad" ON "games_content" ("module_id");
CREATE UNIQUE INDEX "games_game_players_game_id_user_id_1cd86e10_uniq" ON "games_game_players" ("game_id", "user_id");
CREATE INDEX "games_game_players_game_id_fe8dfb92" ON "games_game_players" ("game_id");
CREATE INDEX "games_game_players_user_id_381054c5" ON "games_game_players" ("user_id");
CREATE INDEX "games_game_owner_id_c554a59d" ON "games_game" ("owner_id");
CREATE INDEX "django_session_expire_date_a5c62663" ON "django_session" ("expire_date");
COMMIT;
